{"cameraMode":{"drawMode":0,"name":"Shaded","section":"Shading Mode"},"sceneLighting":true,"audioPlay":false,"sceneViewState":{"m_AlwaysRefresh":false,"showFog":true,"showSkybox":true,"showFlares":true,"showImageEffects":true,"showParticleSystems":true,"showVisualEffectGraphs":true,"m_FxEnabled":true},"in2DMode":false,"pivot":{"x":-5.388935089111328,"y":-14.070745468139649,"z":105.40845489501953},"rotation":{"x":-0.23467686772346497,"y":-0.05801448971033096,"z":0.014024998992681504,"w":-0.9702695608139038},"size":49.721282958984378,"orthographic":false}