{"cameraMode":{"drawMode":0,"name":"Shaded","section":"Shading Mode"},"sceneLighting":false,"audioPlay":false,"sceneViewState":{"m_AlwaysRefresh":false,"showFog":true,"showSkybox":false,"showFlares":true,"showImageEffects":true,"showParticleSystems":true,"showVisualEffectGraphs":true,"m_FxEnabled":true},"in2DMode":false,"pivot":{"x":4.0772552490234379,"y":-0.5413722991943359,"z":108.92851257324219},"rotation":{"x":0.1304217278957367,"y":0.25342854857444765,"z":-0.0344763919711113,"w":0.9579376578330994},"size":42.740299224853519,"orthographic":false}